candidate_id,title,source_pdf,relevant,reason
,1-s2.0-S0031320399000783-main,papers/raw/pending-references/1-s2.0-S0031320399000783-main.pdf,true,body_core_terms
,1-s2.0-S0167865510001364-main,papers/raw/pending-references/1-s2.0-S0167865510001364-main.pdf,true,body_core_terms
,1-s2.0-S0925231206004814-main,papers/raw/pending-references/1-s2.0-S0925231206004814-main.pdf,true,body_core_terms
,1-s2.0-S0925231214012867-main,papers/raw/pending-references/1-s2.0-S0925231214012867-main.pdf,true,body_core_terms
,1-s2.0-S0925231214012909-main,papers/raw/pending-references/1-s2.0-S0925231214012909-main.pdf,true,body_core_terms
,1-s2.0-S1476927116304108-main,papers/raw/pending-references/1-s2.0-S1476927116304108-main.pdf,true,body_core_terms
,1-s2.0-S1877050911001141-main,papers/raw/pending-references/1-s2.0-S1877050911001141-main.pdf,true,body_core_terms
,10.5923.j.ajsp.20130303.01,papers/raw/pending-references/10.5923.j.ajsp.20130303.01.pdf,true,body_core_terms
,1403.0700v1,papers/raw/pending-references/1403.0700v1.pdf,true,body_core_terms
,2669557.2669578,papers/raw/pending-references/2669557.2669578.pdf,true,body_core_terms
,72608,papers/raw/pending-references/72608.pdf,true,body_core_terms
,Clustered_Nystrm_Method_for_Large_Scale_Manifold_Learning_and_Dimension_Reduction,papers/raw/pending-references/Clustered_Nystrm_Method_for_Large_Scale_Manifold_Learning_and_Dimension_Reduction.pdf,true,body_core_terms
,Computer Graphics Forum - 2015 - Rieck - Persistent Homology for the Evaluation of Dimensionality Reduction Schemes,papers/raw/pending-references/Computer Graphics Forum - 2015 - Rieck - Persistent Homology for the Evaluation of Dimensionality Reduction Schemes.pdf,true,body_core_terms
,Explainers_Expert_Explorations_with_Crafted_Projections,papers/raw/pending-references/Explainers_Expert_Explorations_with_Crafted_Projections.pdf,true,body_core_terms
,Friedman-ExploratoryProjectionPursuit-1987,papers/raw/pending-references/Friedman-ExploratoryProjectionPursuit-1987.pdf,true,body_core_terms
,Least_Square_Projection_A_Fast_High-Precision_Multidimensional_Projection_Technique_and_Its_Application_to_Document_Mapping (1),papers/raw/pending-references/Least_Square_Projection_A_Fast_High-Precision_Multidimensional_Projection_Technique_and_Its_Application_to_Document_Mapping (1).pdf,true,body_core_terms
,Medical Physics - 2009 - Jamieson - Exploring nonlinear feature space dimension reduction and data representation in breast,papers/raw/pending-references/Medical Physics - 2009 - Jamieson - Exploring nonlinear feature space dimension reduction and data representation in breast.pdf,true,body_core_terms
,Nmap_A_Novel_Neighborhood_Preservation_Space-filling_Algorithm,papers/raw/pending-references/Nmap_A_Novel_Neighborhood_Preservation_Space-filling_Algorithm.pdf,true,body_core_terms
,Orthogonal_Neighborhood_Preserving_Projections_A_Projection-Based_Dimensionality_Reduction_Technique,papers/raw/pending-references/Orthogonal_Neighborhood_Preserving_Projections_A_Projection-Based_Dimensionality_Reduction_Technique.pdf,true,body_core_terms
,Probing_Projections_Interaction_Techniques_for_Interpreting_Arrangements_and_Errors_of_Dimensionality_Reductions,papers/raw/pending-references/Probing_Projections_Interaction_Techniques_for_Interpreting_Arrangements_and_Errors_of_Dimensionality_Reductions.pdf,true,body_core_terms
,TopoInVis2015,papers/raw/pending-references/TopoInVis2015.pdf,true,body_core_terms
,a-geodesic-framework-for-analyzing-molecular-similarities,papers/raw/pending-references/a-geodesic-framework-for-analyzing-molecular-similarities.pdf,true,body_core_terms
,bbs017,papers/raw/pending-references/bbs017.pdf,true,body_core_terms
,donoho-grimes-2003-hessian-eigenmaps-locally-linear-embedding-techniques-for-high-dimensional-data,papers/raw/pending-references/donoho-grimes-2003-hessian-eigenmaps-locally-linear-embedding-techniques-for-high-dimensional-data.pdf,true,body_core_terms
,fernstad-et-al-2012-quality-based-guidance-for-exploratory-dimensionality-reduction,papers/raw/pending-references/fernstad-et-al-2012-quality-based-guidance-for-exploratory-dimensionality-reduction.pdf,true,body_core_terms
,iLAMP_Exploring_high-dimensional_spacing_through_backward_multidimensional_projection,papers/raw/pending-references/iLAMP_Exploring_high-dimensional_spacing_through_backward_multidimensional_projection.pdf,true,body_core_terms
,large_manifold_book_chapter,papers/raw/pending-references/large_manifold_book_chapter.pdf,true,body_core_terms
pending-ref-001,Quality assessment of dimensionality reduction: Rank-based criteria,papers/raw/pending-references/pending-ref-001-2009-quality-assessment-of-dimensionality-reduction-rank-based-criteria.pdf,false,portal_or_repository_noise
pending-ref-002,Empirical guidance on scatterplot and dimension reduction technique choices,papers/raw/pending-references/pending-ref-002-2013-empirical-guidance-on-scatterplot-and-dimension-reduction-technique-choices.pdf,true,body_core_terms
pending-ref-004,Information retrieval perspective to nonlinear dimensionality reduction for data visualization,papers/raw/pending-references/pending-ref-004-2010-information-retrieval-perspective-to-nonlinear-dimensionality-reduction-for-data-visu.pdf,true,body_core_terms
pending-ref-006,Visual analysis of dimensionality reduction quality for parameterized projections,papers/raw/pending-references/pending-ref-006-2014-visual-analysis-of-dimensionality-reduction-quality-for-parameterized-projections.pdf,true,body_core_terms
pending-ref-007,A Perception-Driven Approach to Supervised Dimensionality Reduction for Visualization,papers/raw/pending-references/pending-ref-007-2018-a-perception-driven-approach-to-supervised-dimensionality-reduction-for-visualization.pdf,true,body_core_terms
pending-ref-008,Nonlinear Dimensionality Reduction by Locally Linear Embedding,papers/raw/pending-references/pending-ref-008-2000-nonlinear-dimensionality-reduction-by-locally-linear-embedding.pdf,true,body_core_terms
pending-ref-009,Uniform manifold approximation with two-phase optimization,papers/raw/pending-references/pending-ref-009-2022-uniform-manifold-approximation-with-two-phase-optimization.pdf,true,body_core_terms
pending-ref-010,A Taxonomy of Visual Cluster Separation Factors,papers/raw/pending-references/pending-ref-010-2012-a-taxonomy-of-visual-cluster-separation-factors.pdf,true,body_core_terms
pending-ref-012,Quality metrics in high-dimensional data visualization: An overview and systematization,papers/raw/pending-references/pending-ref-012-2011-quality-metrics-in-high-dimensional-data-visualization-an-overview-and-systematizatio.pdf,true,body_core_terms
pending-ref-013,A survey of dimension reduction methods for high-dimensional data analysis and visualization,papers/raw/pending-references/pending-ref-013-2012-a-survey-of-dimension-reduction-methods-for-high-dimensional-data-analysis-and-visual.pdf,true,body_core_terms
pending-ref-014,Charting a manifold,papers/raw/pending-references/pending-ref-014-2002-charting-a-manifold.pdf,true,body_core_terms
pending-ref-015,Feature Learning for Nonlinear Dimensionality Reduction toward Maximal Extraction of Hidden Patterns,papers/raw/pending-references/pending-ref-015-2023-feature-learning-for-nonlinear-dimensionality-reduction-toward-maximal-extraction-of.pdf,true,body_core_terms
pending-ref-016,Visual interaction with dimensionality reduction: A structured literature analysis,papers/raw/pending-references/pending-ref-016-2017-visual-interaction-with-dimensionality-reduction-a-structured-literature-analysis.pdf,true,body_core_terms
pending-ref-018,A General Framework for Dimensionality-Reducing Data Visualization Mapping,papers/raw/pending-references/pending-ref-018-2012-a-general-framework-for-dimensionality-reducing-data-visualization-mapping.pdf,true,seed_context_supported
pending-ref-019,Local multidimensional scaling,papers/raw/pending-references/pending-ref-019-2006-local-multidimensional-scaling.pdf,true,body_core_terms
pending-ref-021,Axisketcher: Interactive nonlinear axis mapping of visualizations through user drawings,papers/raw/pending-references/pending-ref-021-2017-axisketcher-interactive-nonlinear-axis-mapping-of-visualizations-through-user-drawing.pdf,true,body_core_terms
pending-ref-022,Human cluster evaluation and formal quality measures: A comparative study,papers/raw/pending-references/pending-ref-022-2012-human-cluster-evaluation-and-formal-quality-measures-a-comparative-study.pdf,true,body_core_terms
pending-ref-023,Visual quality metrics and human perception: an initial study on 2D projections of large multidimensional data,papers/raw/pending-references/pending-ref-023-2010-visual-quality-metrics-and-human-perception-an-initial-study-on-2d-projections-of-lar.pdf,true,body_core_terms
pending-ref-024,VisCoDeR: A tool for visually comparing dimensionality reduction algorithms,papers/raw/pending-references/pending-ref-024-2018-viscoder-a-tool-for-visually-comparing-dimensionality-reduction-algorithms.pdf,true,body_core_terms
pending-ref-026,UMAP: Uniform Manifold Approximation and Projection for Dimension Reduction,papers/raw/pending-references/pending-ref-026-2020-umap-uniform-manifold-approximation-and-projection-for-dimension-reduction.pdf,true,body_core_terms
pending-ref-027,Perceptionbased visual quality measures,papers/raw/pending-references/pending-ref-027-2011-perceptionbased-visual-quality-measures.pdf,true,seed_context_supported
pending-ref-028,Visualizing the quality of dimensionality reduction,papers/raw/pending-references/pending-ref-028-2013-visualizing-the-quality-of-dimensionality-reduction.pdf,true,body_core_terms
pending-ref-029,Stability Comparison of Dimensionality Reduction Techniques Attending to Data and Parameter Variations,papers/raw/pending-references/pending-ref-029-2013-stability-comparison-of-dimensionality-reduction-techniques-attending-to-data-and-par.pdf,true,body_core_terms
pending-ref-030,Interactive Dimensionality Reduction for Comparative Analysis,papers/raw/pending-references/pending-ref-030-2022-interactive-dimensionality-reduction-for-comparative-analysis.pdf,true,body_core_terms
pending-ref-031,Interactive Visual Cluster Analysis by Contrastive Dimensionality Reduction,papers/raw/pending-references/pending-ref-031-2022-interactive-visual-cluster-analysis-by-contrastive-dimensionality-reduction.pdf,true,body_core_terms
pending-ref-032,Dimensionality reduction for visualizing single-cell data using UMAP,papers/raw/pending-references/pending-ref-032-2019-dimensionality-reduction-for-visualizing-single-cell-data-using-umap.pdf,true,body_core_terms
pending-ref-035,Stress Maps: Analysing Local Phenomena in Dimensionality Reduction Based Visualisations,papers/raw/pending-references/pending-ref-035-2010-stress-maps-analysing-local-phenomena-in-dimensionality-reduction-based-visualisation.pdf,true,body_core_terms
pending-ref-037,Attribute-based Visual Explanation of Multidimensional Projections,papers/raw/pending-references/pending-ref-037-2015-attribute-based-visual-explanation-of-multidimensional-projections.pdf,true,body_core_terms
pending-ref-039,Assessing singlecell transcriptomic variability through density-preserving data visualization,papers/raw/pending-references/pending-ref-039-2021-assessing-singlecell-transcriptomic-variability-through-density-preserving-data-visua.pdf,true,body_core_terms
pending-ref-040,tviSNE: Interactive Assessment and Interpretation of t-SNE Projections,papers/raw/pending-references/pending-ref-040-2020-tvisne-interactive-assessment-and-interpretation-of-t-sne-projections.pdf,true,body_core_terms
pending-ref-041,Quantitative evaluation of time-dependent multidimensional projection techniques,papers/raw/pending-references/pending-ref-041-2020-quantitative-evaluation-of-time-dependent-multidimensional-projection-techniques.pdf,true,body_core_terms
pending-ref-043,Local procrustes for manifold embedding: A measure of embedding quality and embedding algorithms,papers/raw/pending-references/pending-ref-043-2009-local-procrustes-for-manifold-embedding-a-measure-of-embedding-quality-and-embedding.pdf,true,body_core_terms
pending-ref-044,ClassiMap: A new dimension reduction technique for exploratory data analysis of labeled data,papers/raw/pending-references/pending-ref-044-2015-classimap-a-new-dimension-reduction-technique-for-exploratory-data-analysis-of-labele.pdf,true,body_core_terms
pending-ref-045,A behavioral investigation of dimensionality reduction,papers/raw/pending-references/pending-ref-045-2012-a-behavioral-investigation-of-dimensionality-reduction.pdf,true,body_core_terms
pending-ref-046,Neighborhood preserving embedding,papers/raw/pending-references/pending-ref-046-2005-neighborhood-preserving-embedding.pdf,true,body_core_terms
pending-ref-047,Visualizing dimensionality reduction artifacts: An evaluation,papers/raw/pending-references/pending-ref-047-2017-visualizing-dimensionality-reduction-artifacts-an-evaluation.pdf,true,body_core_terms
pending-ref-048,"Linear dimensionality reduction: Survey, insights, and generalizations",papers/raw/pending-references/pending-ref-048-2015-linear-dimensionality-reduction-survey-insights-and-generalizations.pdf,true,body_core_terms
pending-ref-049,DimReader: Axis lines that explain non-linear projections,papers/raw/pending-references/pending-ref-049-2019-dimreader-axis-lines-that-explain-non-linear-projections.pdf,true,body_core_terms
pending-ref-051,Explaining Neighborhood Preservation for Multidimensional Projections,papers/raw/pending-references/pending-ref-051-2015-explaining-neighborhood-preservation-for-multidimensional-projections.pdf,true,body_core_terms
pending-ref-052,Distortion-Aware Brushing for Interactive Cluster Analysis in Multidimensional Projections,papers/raw/pending-references/pending-ref-052-2022-distortion-aware-brushing-for-interactive-cluster-analysis-in-multidimensional-projec.pdf,true,body_core_terms
pending-ref-053,Analyzing quality measurements for dimensionality reduction,papers/raw/pending-references/pending-ref-053-2023-analyzing-quality-measurements-for-dimensionality-reduction.pdf,true,body_core_terms
pending-ref-054,A large-scale sensitivity analysis on latent embeddings and dimensionality reductions for text spatializations,papers/raw/pending-references/pending-ref-054-2025-a-large-scale-sensitivity-analysis-on-latent-embeddings-and-dimensionality-reductions.pdf,true,body_core_terms
pending-ref-055,HyperNP: Interactive Visual Exploration of Multidimensional Projection Hyperparameters,papers/raw/pending-references/pending-ref-055-2022-hypernp-interactive-visual-exploration-of-multidimensional-projection-hyperparameters.pdf,true,body_core_terms
pending-ref-056,Selecting and Sharing Multidimensional Projection Algorithms: A Practical View,papers/raw/pending-references/pending-ref-056-2020-selecting-and-sharing-multidimensional-projection-algorithms-a-practical-view.pdf,true,body_core_terms
pending-ref-057,Quality Metrics for Information Visualization,papers/raw/pending-references/pending-ref-057-2018-quality-metrics-for-information-visualization.pdf,true,body_core_terms
pending-ref-058,VITALITY: Promoting serendipitous discovery of academic literature with transformers & visual analytics,papers/raw/pending-references/pending-ref-058-2022-vitality-promoting-serendipitous-discovery-of-academic-literature-with-transformers-v.pdf,false,out_of_scope_topic_hint
pending-ref-060,ProxiLens: Interactive Exploration of High-Dimensional Data using Projections,papers/raw/pending-references/pending-ref-060-2013-proxilens-interactive-exploration-of-high-dimensional-data-using-projections.pdf,true,body_core_terms
pending-ref-061,viSNE enables visualization of high dimensional single-cell data and reveals phenotypic heterogeneity of leukemia,papers/raw/pending-references/pending-ref-061-2013-visne-enables-visualization-of-high-dimensional-single-cell-data-and-reveals-phenotyp.pdf,true,body_core_terms
pending-ref-062,Improving the visual analysis of high-dimensional datasets using quality measures,papers/raw/pending-references/pending-ref-062-2010-improving-the-visual-analysis-of-high-dimensional-datasets-using-quality-measures.pdf,true,body_core_terms
pending-ref-063,High-dimensional labeled data analysis with topology representing graphs,papers/raw/pending-references/pending-ref-063-2005-high-dimensional-labeled-data-analysis-with-topology-representing-graphs.pdf,true,body_core_terms
pending-ref-064,Experiments with random projection,papers/raw/pending-references/pending-ref-064-2000-experiments-with-random-projection.pdf,true,body_core_terms
pending-ref-065,Predicting User Preferences of Dimensionality Reduction Embedding Quality,papers/raw/pending-references/pending-ref-065-2023-predicting-user-preferences-of-dimensionality-reduction-embedding-quality.pdf,true,title_plus_body_core_terms
pending-ref-066,Towards a Systematic Combination of Dimension Reduction and Clustering in Visual Analytics,papers/raw/pending-references/pending-ref-066-2018-towards-a-systematic-combination-of-dimension-reduction-and-clustering-in-visual-anal.pdf,false,low_dr_signal
pending-ref-067,iVisClassifier: An interactive visual analytics system for classification based on supervised dimension reduction,papers/raw/pending-references/pending-ref-067-2010-ivisclassifier-an-interactive-visual-analytics-system-for-classification-based-on-sup.pdf,true,body_core_terms
pending-ref-068,Nonlinear dimensionality reduction and data visualization: a review,papers/raw/pending-references/pending-ref-068-2007-nonlinear-dimensionality-reduction-and-data-visualization-a-review.pdf,true,body_core_terms
pending-ref-069,Principal manifolds and nonlinear dimensionality reduction via tangent space alignment,papers/raw/pending-references/pending-ref-069-2004-principal-manifolds-and-nonlinear-dimensionality-reduction-via-tangent-space-alignmen.pdf,true,body_core_terms
pending-ref-070,Interpreting High-Dimensional Projections With Capacity,papers/raw/pending-references/pending-ref-070-2024-interpreting-high-dimensional-projections-with-capacity.pdf,true,body_core_terms
pending-ref-072,Piecewise laplacian-based projection for interactive data exploration and organization,papers/raw/pending-references/pending-ref-072-2011-piecewise-laplacian-based-projection-for-interactive-data-exploration-and-organizatio.pdf,true,body_core_terms
pending-ref-073,Trustworthiness and metrics in visualizing similarity of gene expression,papers/raw/pending-references/pending-ref-073-2003-trustworthiness-and-metrics-in-visualizing-similarity-of-gene-expression.pdf,true,body_core_terms
pending-ref-077,Assessing single-cell transcriptomic variability through density-preserving data visualization,papers/raw/pending-references/pending-ref-077-2020-assessing-single-cell-transcriptomic-variability-through-density-preserving-data-visu.pdf,true,body_core_terms
pending-ref-079,Adaptive manifold learning,papers/raw/pending-references/pending-ref-079-2012-adaptive-manifold-learning.pdf,true,body_core_terms
pending-ref-080,iPCA: An Interactive System for PCA-based Visual Analytics,papers/raw/pending-references/pending-ref-080-2009-ipca-an-interactive-system-for-pca-based-visual-analytics.pdf,true,body_core_terms
pending-ref-082,Learning a kernel matrix for nonlinear dimensionality reduction,papers/raw/pending-references/pending-ref-082-2004-learning-a-kernel-matrix-for-nonlinear-dimensionality-reduction.pdf,true,body_core_terms
pending-ref-083,Locality preserving projections,papers/raw/pending-references/pending-ref-083-2004-locality-preserving-projections.pdf,true,body_core_terms
pending-ref-086,Understanding Attribute Variability in Multidimensional Projections,papers/raw/pending-references/pending-ref-086-2016-understanding-attribute-variability-in-multidimensional-projections.pdf,true,body_core_terms
pending-ref-087,Explaining three-dimensional dimensionality reduction plots,papers/raw/pending-references/pending-ref-087-2016-explaining-three-dimensional-dimensionality-reduction-plots.pdf,true,body_core_terms
pending-ref-088,Global Versus Local Methods in Nonlinear Dimensionality Reduction,papers/raw/pending-references/pending-ref-088-2002-global-versus-local-methods-in-nonlinear-dimensionality-reduction.pdf,true,body_core_terms
pending-ref-089,A new method of generalizing Sammon mapping with application to algorithm speed-up,papers/raw/pending-references/pending-ref-089-1999-a-new-method-of-generalizing-sammon-mapping-with-application-to-algorithm-speed-up.pdf,true,body_core_terms
pending-ref-090,A survey of visualizations for high-dimensional data mining,papers/raw/pending-references/pending-ref-090-2002-a-survey-of-visualizations-for-high-dimensional-data-mining.pdf,true,body_core_terms
pending-ref-091,Guided stable dynamic projections,papers/raw/pending-references/pending-ref-091-2021-guided-stable-dynamic-projections.pdf,true,body_core_terms
pending-ref-092,DD-HDS: A Method for Visualization and Exploration of High-Dimensional Data,papers/raw/pending-references/pending-ref-092-2007-dd-hds-a-method-for-visualization-and-exploration-of-high-dimensional-data.pdf,true,body_core_terms
pending-ref-098,Interpreting Distortions in Dimensionality Reduction by Superimposing Neighbourhood Graphs,papers/raw/pending-references/pending-ref-098-2019-interpreting-distortions-in-dimensionality-reduction-by-superimposing-neighbourhood-g.pdf,true,body_core_terms
pending-ref-099,CLAMS: A Cluster Ambiguity Measure for Estimating Perceptual Variability in Visual Clustering,papers/raw/pending-references/pending-ref-099-2024-clams-a-cluster-ambiguity-measure-for-estimating-perceptual-variability-in-visual-clu.pdf,true,body_core_terms
pending-ref-100,A new embedding quality assessment method for manifold learning,papers/raw/pending-references/pending-ref-100-2012-a-new-embedding-quality-assessment-method-for-manifold-learning.pdf,true,body_core_terms
pending-ref-101,TriMap: Large-scale Dimensionality Reduction Using Triplets,papers/raw/pending-references/pending-ref-101-2022-trimap-large-scale-dimensionality-reduction-using-triplets.pdf,true,body_core_terms
pending-ref-102,Combining automated analysis and visualization techniques for effective exploration of high dimensional data,papers/raw/pending-references/pending-ref-102-2009-combining-automated-analysis-and-visualization-techniques-for-effective-exploration-o.pdf,true,body_core_terms
pending-ref-104,Implicit Multidimensional Projection of Local Subspaces,papers/raw/pending-references/pending-ref-104-2021-implicit-multidimensional-projection-of-local-subspaces.pdf,true,body_core_terms
pending-ref-105,Projection inspector: Assessment and synthesis of multidimensional projections,papers/raw/pending-references/pending-ref-105-2015-projection-inspector-assessment-and-synthesis-of-multidimensional-projections.pdf,true,body_core_terms
pending-ref-107,Visual analytics to check marine containers in the eritr@c project,papers/raw/pending-references/pending-ref-107-2010-visual-analytics-to-check-marine-containers-in-the-eritr-c-project.pdf,false,out_of_scope_topic_hint
pending-ref-108,dimRed and coRanking—Unifying Dimensionality Reduction in R,papers/raw/pending-references/pending-ref-108-2018-dimred-and-coranking-unifying-dimensionality-reduction-in-r.pdf,true,body_core_terms
pending-ref-109,Evaluating multi-dimensional visualizations for understanding fuzzy clusters,papers/raw/pending-references/pending-ref-109-2018-evaluating-multi-dimensional-visualizations-for-understanding-fuzzy-clusters.pdf,true,body_core_terms
pending-ref-110,Comparing and Exploring High-Dimensional Data with Dimensionality Reduction Algorithms and Matrix Visualizations,papers/raw/pending-references/pending-ref-110-2020-comparing-and-exploring-high-dimensional-data-with-dimensionality-reduction-algorithm.pdf,true,body_core_terms
pending-ref-111,The art of seeing the elephant in the room: 2D embeddings of single-cell data do make sense,papers/raw/pending-references/pending-ref-111-2024-the-art-of-seeing-the-elephant-in-the-room-2d-embeddings-of-single-cell-data-do-make.pdf,true,body_core_terms
pending-ref-112,How Does Attention Work in Vision Transformers? A Visual Analytics Attempt,papers/raw/pending-references/pending-ref-112-2023-how-does-attention-work-in-vision-transformers-a-visual-analytics-attempt.pdf,false,out_of_scope_topic_hint
pending-ref-113,t-visne: Interactive assessment and interpretation of t-sne projections,papers/raw/pending-references/pending-ref-113-2020-t-visne-interactive-assessment-and-interpretation-of-t-sne-projections.pdf,true,body_core_terms
pending-ref-114,Dimensionality reduction and topic modeling: From latent semantic indexing to latent Dirichlet allocation and beyond,papers/raw/pending-references/pending-ref-114-2012-dimensionality-reduction-and-topic-modeling-from-latent-semantic-indexing-to-latent-d.pdf,true,body_core_terms
pending-ref-117,Random projection for high dimensional data clustering: A cluster ensemble approach,papers/raw/pending-references/pending-ref-117-2003-random-projection-for-high-dimensional-data-clustering-a-cluster-ensemble-approach.pdf,true,body_core_terms
pending-ref-118,Understanding Bias in Perceiving Dimensionality Reduction Projections,papers/raw/pending-references/pending-ref-118-2025-understanding-bias-in-perceiving-dimensionality-reduction-projections.pdf,true,body_core_terms
pending-ref-120,How Can We Improve Data Quality for Machine Learning? A Visual Analytics System using Data and Process-driven Strategies,papers/raw/pending-references/pending-ref-120-2023-how-can-we-improve-data-quality-for-machine-learning-a-visual-analytics-system-using.pdf,true,body_core_terms
pending-ref-121,"Understanding How Dimension Reduction Tools Work: An Empirical Approach to Deciphering t-SNE, UMAP, TriMap, and PaCMAP for Data Visualization",papers/raw/pending-references/pending-ref-121-2021-understanding-how-dimension-reduction-tools-work-an-empirical-approach-to-deciphering.pdf,true,body_core_terms
pending-ref-122,PIVE: Per-Iteration Visualization Environment for Real-Time Interactions with Dimension Reduction and Clustering,papers/raw/pending-references/pending-ref-122-2017-pive-per-iteration-visualization-environment-for-real-time-interactions-with-dimensio.pdf,true,body_core_terms
pending-ref-123,Hierarchical stochastic neighbor embedding,papers/raw/pending-references/pending-ref-123-2016-hierarchical-stochastic-neighbor-embedding.pdf,true,body_core_terms
pending-ref-125,A methodology to compare dimensionality reduction algorithms in terms of loss of quality,papers/raw/pending-references/pending-ref-125-2014-a-methodology-to-compare-dimensionality-reduction-algorithms-in-terms-of-loss-of-qual.pdf,true,body_core_terms
pending-ref-126,Quality metrics in highdimensional data visualization: An overview and systematization,papers/raw/pending-references/pending-ref-126-2011-quality-metrics-in-highdimensional-data-visualization-an-overview-and-systematization.pdf,true,body_core_terms
pending-ref-127,Interactive Dimensionality Reduction Through User-defined Combinations of Quality Metrics,papers/raw/pending-references/pending-ref-127-2009-interactive-dimensionality-reduction-through-user-defined-combinations-of-quality-met.pdf,true,body_core_terms
pending-ref-129,ENS-t-SNE: Embedding Neighborhoods Simultaneously t-SNE,papers/raw/pending-references/pending-ref-129-2024-ens-t-sne-embedding-neighborhoods-simultaneously-t-sne.pdf,true,body_core_terms
pending-ref-130,Mountaineer: Topology-Driven Visual Analytics for Comparing Local Explanations,papers/raw/pending-references/pending-ref-130-2024-mountaineer-topology-driven-visual-analytics-for-comparing-local-explanations.pdf,true,body_core_terms
pending-ref-132,Doubly supervised embedding based on class labels and intrinsic clusters for highdimensional data visualization,papers/raw/pending-references/pending-ref-132-2015-doubly-supervised-embedding-based-on-class-labels-and-intrinsic-clusters-for-highdime.pdf,true,body_core_terms
pending-ref-133,Semi-random projection for dimensionality reduction and extreme learning machine in high-dimensional space,papers/raw/pending-references/pending-ref-133-2015-semi-random-projection-for-dimensionality-reduction-and-extreme-learning-machine-in-h.pdf,true,body_core_terms
pending-ref-136,Survey and comparison of quality measures for selforganizing maps,papers/raw/pending-references/pending-ref-136-2004-survey-and-comparison-of-quality-measures-for-selforganizing-maps.pdf,true,body_core_terms
pending-ref-137,Random projection in dimensionality reduction: applications to image and text data,papers/raw/pending-references/pending-ref-137-2001-random-projection-in-dimensionality-reduction-applications-to-image-and-text-data.pdf,false,timeout_90s
pending-ref-138,Distortionaware brushing for interactive cluster analysis in multidimensional projections,papers/raw/pending-references/pending-ref-138-2022-distortionaware-brushing-for-interactive-cluster-analysis-in-multidimensional-project.pdf,true,body_core_terms
pending-ref-140,Visual analytics using multidimensional projections,papers/raw/pending-references/pending-ref-140-2013-visual-analytics-using-multidimensional-projections.pdf,true,body_core_terms
pending-ref-141,Leveraging Foundation Models for Crafting Narrative Visualization: A Survey,papers/raw/pending-references/pending-ref-141-2025-leveraging-foundation-models-for-crafting-narrative-visualization-a-survey.pdf,false,out_of_scope_topic_hint
pending-ref-142,UMATO: Bridging Local and Global Structures for Reliable Visual Analytics with Dimensionality Reduction,papers/raw/pending-references/pending-ref-142-2025-umato-bridging-local-and-global-structures-for-reliable-visual-analytics-with-dimensi.pdf,true,body_core_terms
pending-ref-143,V a embeddings star: A state-of-the-art report on the use of embeddings in visual analytics,papers/raw/pending-references/pending-ref-143-2023-v-a-embeddings-star-a-state-of-the-art-report-on-the-use-of-embeddings-in-visual-anal.pdf,true,body_core_terms
pending-ref-144,A survey of visual analytics techniques for machine learning,papers/raw/pending-references/pending-ref-144-2021-a-survey-of-visual-analytics-techniques-for-machine-learning.pdf,true,body_core_terms
pending-ref-145,Deep learning multidimensional projections,papers/raw/pending-references/pending-ref-145-2020-deep-learning-multidimensional-projections.pdf,true,body_core_terms
pending-ref-146,Progressive Uniform Manifold Approximation and Projection,papers/raw/pending-references/pending-ref-146-2020-progressive-uniform-manifold-approximation-and-projection.pdf,true,body_core_terms
pending-ref-147,t-distributed stochastic neighbor embedding (t-SNE): A tool for eco-physiological transcriptomic analysis,papers/raw/pending-references/pending-ref-147-2020-t-distributed-stochastic-neighbor-embedding-t-sne-a-tool-for-eco-physiological-transc.pdf,true,body_core_terms
pending-ref-148,With Respect to What? Simultaneous Interaction with Dimension Reduction and Clustering Projections,papers/raw/pending-references/pending-ref-148-2020-with-respect-to-what-simultaneous-interaction-with-dimension-reduction-and-clustering.pdf,true,body_core_terms
pending-ref-153,User-centered multidimensional projection techniques,papers/raw/pending-references/pending-ref-153-2012-user-centered-multidimensional-projection-techniques.pdf,true,body_core_terms
pending-ref-154,"Recent advances in nonlinear dimensionality reduction, manifold and topological learning",papers/raw/pending-references/pending-ref-154-2010-recent-advances-in-nonlinear-dimensionality-reduction-manifold-and-topological-learni.pdf,true,body_core_terms
pending-ref-155,Fast Stochastic Neighbor Embedding: A trust-region algorithm,papers/raw/pending-references/pending-ref-155-2004-fast-stochastic-neighbor-embedding-a-trust-region-algorithm.pdf,true,body_core_terms
pending-ref-158,LoCH: A neighborhood-based multidimensional projection technique for highdimensional sparse spaces,papers/raw/pending-references/pending-ref-158-2015-loch-a-neighborhood-based-multidimensional-projection-technique-for-highdimensional-s.pdf,true,body_core_terms
pending-ref-159,Orthogonal neighborhood preserving projections: a projection‐based dimensionality reduction technique,papers/raw/pending-references/pending-ref-159-2007-orthogonal-neighborhood-preserving-projections-a-projection-based-dimensionality-redu.pdf,true,body_core_terms
pending-ref-161,Steering Distortions to Preserve Classes and Neighbors in Supervised Dimensionality Reduction,papers/raw/pending-references/pending-ref-161-2020-steering-distortions-to-preserve-classes-and-neighbors-in-supervised-dimensionality-r.pdf,true,body_core_terms
pending-ref-162,Rank-based quality assessment of nonlinear dimensionality reduction,papers/raw/pending-references/pending-ref-162-2008-rank-based-quality-assessment-of-nonlinear-dimensionality-reduction.pdf,true,body_core_terms
pending-ref-164,Neighborhoodpreserving embedding,papers/raw/pending-references/pending-ref-164-2005-neighborhoodpreserving-embedding.pdf,true,body_core_terms
pending-ref-165,Visual Analytics for Machine Learning: A Data Perspective Survey,papers/raw/pending-references/pending-ref-165-2024-visual-analytics-for-machine-learning-a-data-perspective-survey.pdf,false,out_of_scope_topic_hint
pending-ref-166,Projection Ensemble: Visualizing the Robust Structures of Multidimensional Projections,papers/raw/pending-references/pending-ref-166-2023-projection-ensemble-visualizing-the-robust-structures-of-multidimensional-projections.pdf,true,body_core_terms
pending-ref-167,A Survey of Perception-Based Visualization Studies by Task,papers/raw/pending-references/pending-ref-167-2022-a-survey-of-perception-based-visualization-studies-by-task.pdf,true,body_core_terms
pending-ref-168,VisExPreS: A Visual Interactive Toolkit for User-Driven Evaluations of Embeddings,papers/raw/pending-references/pending-ref-168-2022-visexpres-a-visual-interactive-toolkit-for-user-driven-evaluations-of-embeddings.pdf,true,body_core_terms
pending-ref-169,HoroPCA: Hyperbolic Dimensionality Reduction via Horospherical Projections,papers/raw/pending-references/pending-ref-169-2021-horopca-hyperbolic-dimensionality-reduction-via-horospherical-projections.pdf,true,body_core_terms
pending-ref-170,Using multiple attribute-based explanations of multidimensional projections to explore high-dimensional data,papers/raw/pending-references/pending-ref-170-2021-using-multiple-attribute-based-explanations-of-multidimensional-projections-to-explor.pdf,true,body_core_terms
pending-ref-171,SolarView: Low Distortion Radial Embedding with a Focus,papers/raw/pending-references/pending-ref-171-2019-solarview-low-distortion-radial-embedding-with-a-focus.pdf,true,body_core_terms
pending-ref-173,Random projection-based dimensionality reduction method for hyperspectral target detection,papers/raw/pending-references/pending-ref-173-2015-random-projection-based-dimensionality-reduction-method-for-hyperspectral-target-dete.pdf,true,body_core_terms
pending-ref-175,iLAMP: Exploring highdimensional spacing through backward multidimensional projection,papers/raw/pending-references/pending-ref-175-2012-ilamp-exploring-highdimensional-spacing-through-backward-multidimensional-projection.pdf,true,body_core_terms
pending-ref-176,Learning linear discriminant projections for dimensionality reduction of image descriptors,papers/raw/pending-references/pending-ref-176-2011-learning-linear-discriminant-projections-for-dimensionality-reduction-of-image-descri.pdf,true,body_core_terms
pending-ref-177,Maximal Linear Embedding for Dimensionality Reduction,papers/raw/pending-references/pending-ref-177-2011-maximal-linear-embedding-for-dimensionality-reduction.pdf,true,body_core_terms
pending-ref-181,Data visualization and dimensionality reduction using kernel maps with a reference point,papers/raw/pending-references/pending-ref-181-2007-data-visualization-and-dimensionality-reduction-using-kernel-maps-with-a-reference-po.pdf,true,body_core_terms
pending-ref-183,Vizrank: Data visualization guided by machine learning,papers/raw/pending-references/pending-ref-183-2006-vizrank-data-visualization-guided-by-machine-learning.pdf,true,body_core_terms
pending-ref-184,Principal Manifolds and Nonlinear Dimensionality Reduction via Tangent Space Alignment SIAM J,papers/raw/pending-references/pending-ref-184-2004-principal-manifolds-and-nonlinear-dimensionality-reduction-via-tangent-space-alignmen.pdf,true,body_core_terms
pending-ref-186,A survey of dimension reduction techniques Lawrence Livermore Natl,papers/raw/pending-references/pending-ref-186-2002-a-survey-of-dimension-reduction-techniques-lawrence-livermore-natl.pdf,true,body_core_terms
,rkharal2006,papers/raw/pending-references/rkharal2006.pdf,true,body_core_terms
,s13042-021-01307-7,papers/raw/pending-references/s13042-021-01307-7.pdf,true,body_core_terms
,s40537-021-00444-8,papers/raw/pending-references/s40537-021-00444-8.pdf,true,body_core_terms
,science.290.5500.2319,papers/raw/pending-references/science.290.5500.2319.pdf,true,body_core_terms
,weinberger05a,papers/raw/pending-references/weinberger05a.pdf,true,body_core_terms
